<?xml version="1.0" encoding="UTF-8"?>
<export version="D">
  <design>
    <source>C:\Users\rober\Documents\GitHub\misonopad\keyboard.sch</source>
    <date>2020/08/27 16:18:02</date>
    <tool>Eeschema (5.1.5)-3</tool>
    <sheet number="1" name="/" tstamps="/">
      <title_block>
        <title/>
        <company/>
        <rev/>
        <date/>
        <source>keyboard.sch</source>
        <comment number="1" value=""/>
        <comment number="2" value=""/>
        <comment number="3" value=""/>
        <comment number="4" value=""/>
      </title_block>
    </sheet>
  </design>
  <components>
    <comp ref="R1">
      <value>500ohm</value>
      <footprint>Resistor_SMD:R_0805_2012Metric</footprint>
      <datasheet>~</datasheet>
      <libsource lib="Device" part="R_Small_US" description="Resistor, small US symbol"/>
      <sheetpath names="/" tstamps="/"/>
      <tstamp>5F197C1A</tstamp>
    </comp>
    <comp ref="U1">
      <value>ATmega32U4-AU</value>
      <footprint>Package_QFP:TQFP-44_10x10mm_P0.8mm</footprint>
      <datasheet>http://ww1.microchip.com/downloads/en/DeviceDoc/Atmel-7766-8-bit-AVR-ATmega16U4-32U4_Datasheet.pdf</datasheet>
      <libsource lib="MCU_Microchip_ATmega" part="ATmega32U4-AU" description="16MHz, 32kB Flash, 2.5kB SRAM, 1kB EEPROM, USB 2.0, TQFP-44"/>
      <sheetpath names="/" tstamps="/"/>
      <tstamp>5F08C44B</tstamp>
    </comp>
    <comp ref="R5">
      <value>10K</value>
      <footprint>Resistor_SMD:R_0805_2012Metric</footprint>
      <datasheet>~</datasheet>
      <libsource lib="Device" part="R_Small" description="Resistor, small symbol"/>
      <sheetpath names="/" tstamps="/"/>
      <tstamp>5F0ACE49</tstamp>
    </comp>
    <comp ref="R3">
      <value>22</value>
      <footprint>Resistor_SMD:R_0805_2012Metric</footprint>
      <datasheet>~</datasheet>
      <libsource lib="Device" part="R_Small" description="Resistor, small symbol"/>
      <sheetpath names="/" tstamps="/"/>
      <tstamp>5F0C0D6B</tstamp>
    </comp>
    <comp ref="R2">
      <value>22</value>
      <footprint>Resistor_SMD:R_0805_2012Metric</footprint>
      <datasheet>~</datasheet>
      <libsource lib="Device" part="R_Small" description="Resistor, small symbol"/>
      <sheetpath names="/" tstamps="/"/>
      <tstamp>5F0C70F5</tstamp>
    </comp>
    <comp ref="C11">
      <value>1uF</value>
      <footprint>Capacitor_SMD:C_0805_2012Metric</footprint>
      <datasheet>~</datasheet>
      <libsource lib="Device" part="C_Small" description="Unpolarized capacitor, small symbol"/>
      <sheetpath names="/" tstamps="/"/>
      <tstamp>5F0DBD65</tstamp>
    </comp>
    <comp ref="C5">
      <value>1uF</value>
      <footprint>Capacitor_SMD:C_0805_2012Metric</footprint>
      <datasheet>~</datasheet>
      <libsource lib="Device" part="C_Small" description="Unpolarized capacitor, small symbol"/>
      <sheetpath names="/" tstamps="/"/>
      <tstamp>5F0EB656</tstamp>
    </comp>
    <comp ref="C6">
      <value>1uF</value>
      <footprint>Capacitor_SMD:C_0805_2012Metric</footprint>
      <datasheet>~</datasheet>
      <libsource lib="Device" part="C_Small" description="Unpolarized capacitor, small symbol"/>
      <sheetpath names="/" tstamps="/"/>
      <tstamp>5F0F1E3C</tstamp>
    </comp>
    <comp ref="C7">
      <value>1uF</value>
      <footprint>Capacitor_SMD:C_0805_2012Metric</footprint>
      <datasheet>~</datasheet>
      <libsource lib="Device" part="C_Small" description="Unpolarized capacitor, small symbol"/>
      <sheetpath names="/" tstamps="/"/>
      <tstamp>5F0F8642</tstamp>
    </comp>
    <comp ref="C8">
      <value>1uF</value>
      <footprint>Capacitor_SMD:C_0805_2012Metric</footprint>
      <datasheet>~</datasheet>
      <libsource lib="Device" part="C_Small" description="Unpolarized capacitor, small symbol"/>
      <sheetpath names="/" tstamps="/"/>
      <tstamp>5F0FEE7E</tstamp>
    </comp>
    <comp ref="Y1">
      <value>Crystal_GND24_Small</value>
      <footprint>Crystal:Crystal_SMD_3225-4Pin_3.2x2.5mm</footprint>
      <datasheet>~</datasheet>
      <libsource lib="Device" part="Crystal_GND24_Small" description="Four pin crystal, GND on pins 2 and 4, small symbol"/>
      <sheetpath names="/" tstamps="/"/>
      <tstamp>5F16DDA0</tstamp>
    </comp>
    <comp ref="C9">
      <value>22pF</value>
      <footprint>Capacitor_SMD:C_0805_2012Metric</footprint>
      <datasheet>~</datasheet>
      <libsource lib="Device" part="C_Small" description="Unpolarized capacitor, small symbol"/>
      <sheetpath names="/" tstamps="/"/>
      <tstamp>5F180EFB</tstamp>
    </comp>
    <comp ref="C10">
      <value>22pF</value>
      <footprint>Capacitor_SMD:C_0805_2012Metric</footprint>
      <datasheet>~</datasheet>
      <libsource lib="Device" part="C_Small" description="Unpolarized capacitor, small symbol"/>
      <sheetpath names="/" tstamps="/"/>
      <tstamp>5F181DA0</tstamp>
    </comp>
    <comp ref="SW1">
      <value>SW_Push</value>
      <footprint>random-keyboard-parts:SKQG-1155865</footprint>
      <datasheet>~</datasheet>
      <libsource lib="Switch" part="SW_Push" description="Push button switch, generic, two pins"/>
      <sheetpath names="/" tstamps="/"/>
      <tstamp>5F1E06AD</tstamp>
    </comp>
    <comp ref="R4">
      <value>10K</value>
      <footprint>Resistor_SMD:R_0805_2012Metric</footprint>
      <datasheet>~</datasheet>
      <libsource lib="Device" part="R_Small" description="Resistor, small symbol"/>
      <sheetpath names="/" tstamps="/"/>
      <tstamp>5F1FE153</tstamp>
    </comp>
    <comp ref="F1">
      <value>Polyfuse_Small</value>
      <footprint>Fuse:Fuse_1206_3216Metric</footprint>
      <datasheet>~</datasheet>
      <libsource lib="Device" part="Polyfuse_Small" description="Resettable fuse, polymeric positive temperature coefficient, small symbol"/>
      <sheetpath names="/" tstamps="/"/>
      <tstamp>5F2624EF</tstamp>
    </comp>
    <comp ref="USB1">
      <value>HRO-TYPE-C-31-M-12</value>
      <footprint>Type-C:HRO-TYPE-C-31-M-12-HandSoldering</footprint>
      <libsource lib="Type-C" part="HRO-TYPE-C-31-M-12" description=""/>
      <sheetpath names="/" tstamps="/"/>
      <tstamp>5F08F542</tstamp>
    </comp>
    <comp ref="R6">
      <value>5.1k</value>
      <footprint>Resistor_SMD:R_0805_2012Metric</footprint>
      <datasheet>~</datasheet>
      <libsource lib="Device" part="R_Small" description="Resistor, small symbol"/>
      <sheetpath names="/" tstamps="/"/>
      <tstamp>5F5F0D7E</tstamp>
    </comp>
    <comp ref="R7">
      <value>5.1k</value>
      <footprint>Resistor_SMD:R_0805_2012Metric</footprint>
      <datasheet>~</datasheet>
      <libsource lib="Device" part="R_Small" description="Resistor, small symbol"/>
      <sheetpath names="/" tstamps="/"/>
      <tstamp>5F5FC7F5</tstamp>
    </comp>
    <comp ref="K_Q1">
      <value>MX-NoLED</value>
      <footprint>MX_Alps_Hybrid:MX-1U-NoLED</footprint>
      <libsource lib="MX_Alps_Hybrid" part="MX-NoLED" description=""/>
      <sheetpath names="/" tstamps="/"/>
      <tstamp>5F2AFECD</tstamp>
    </comp>
    <comp ref="D5">
      <value>D_Small</value>
      <footprint>Diode_SMD:D_SOD-123</footprint>
      <datasheet>~</datasheet>
      <libsource lib="Device" part="D_Small" description="Diode, small symbol"/>
      <sheetpath names="/" tstamps="/"/>
      <tstamp>5F2B0D66</tstamp>
    </comp>
    <comp ref="K_W1">
      <value>MX-NoLED</value>
      <footprint>MX_Alps_Hybrid:MX-1U-NoLED</footprint>
      <libsource lib="MX_Alps_Hybrid" part="MX-NoLED" description=""/>
      <sheetpath names="/" tstamps="/"/>
      <tstamp>5F2C162C</tstamp>
    </comp>
    <comp ref="D6">
      <value>D_Small</value>
      <footprint>Diode_SMD:D_SOD-123</footprint>
      <datasheet>~</datasheet>
      <libsource lib="Device" part="D_Small" description="Diode, small symbol"/>
      <sheetpath names="/" tstamps="/"/>
      <tstamp>5F2C1632</tstamp>
    </comp>
    <comp ref="K_E1">
      <value>MX-NoLED</value>
      <footprint>MX_Alps_Hybrid:MX-1U-NoLED</footprint>
      <libsource lib="MX_Alps_Hybrid" part="MX-NoLED" description=""/>
      <sheetpath names="/" tstamps="/"/>
      <tstamp>5F2C3AA8</tstamp>
    </comp>
    <comp ref="D7">
      <value>D_Small</value>
      <footprint>Diode_SMD:D_SOD-123</footprint>
      <datasheet>~</datasheet>
      <libsource lib="Device" part="D_Small" description="Diode, small symbol"/>
      <sheetpath names="/" tstamps="/"/>
      <tstamp>5F2C3AAE</tstamp>
    </comp>
    <comp ref="K_R1">
      <value>MX-NoLED</value>
      <footprint>MX_Alps_Hybrid:MX-1U-NoLED</footprint>
      <libsource lib="MX_Alps_Hybrid" part="MX-NoLED" description=""/>
      <sheetpath names="/" tstamps="/"/>
      <tstamp>5F2C6226</tstamp>
    </comp>
    <comp ref="D8">
      <value>D_Small</value>
      <footprint>Diode_SMD:D_SOD-123</footprint>
      <datasheet>~</datasheet>
      <libsource lib="Device" part="D_Small" description="Diode, small symbol"/>
      <sheetpath names="/" tstamps="/"/>
      <tstamp>5F2C622C</tstamp>
    </comp>
    <comp ref="K_T1">
      <value>MX-NoLED</value>
      <footprint>MX_Alps_Hybrid:MX-1U-NoLED</footprint>
      <libsource lib="MX_Alps_Hybrid" part="MX-NoLED" description=""/>
      <sheetpath names="/" tstamps="/"/>
      <tstamp>5F2C8CA8</tstamp>
    </comp>
    <comp ref="D9">
      <value>D_Small</value>
      <footprint>Diode_SMD:D_SOD-123</footprint>
      <datasheet>~</datasheet>
      <libsource lib="Device" part="D_Small" description="Diode, small symbol"/>
      <sheetpath names="/" tstamps="/"/>
      <tstamp>5F2C8CAE</tstamp>
    </comp>
    <comp ref="K_Y1">
      <value>MX-NoLED</value>
      <footprint>MX_Alps_Hybrid:MX-1U-NoLED</footprint>
      <libsource lib="MX_Alps_Hybrid" part="MX-NoLED" description=""/>
      <sheetpath names="/" tstamps="/"/>
      <tstamp>5F2CB0A8</tstamp>
    </comp>
    <comp ref="D10">
      <value>D_Small</value>
      <footprint>Diode_SMD:D_SOD-123</footprint>
      <datasheet>~</datasheet>
      <libsource lib="Device" part="D_Small" description="Diode, small symbol"/>
      <sheetpath names="/" tstamps="/"/>
      <tstamp>5F2CB0AE</tstamp>
    </comp>
    <comp ref="K_U1">
      <value>MX-NoLED</value>
      <footprint>MX_Alps_Hybrid:MX-1U-NoLED</footprint>
      <libsource lib="MX_Alps_Hybrid" part="MX-NoLED" description=""/>
      <sheetpath names="/" tstamps="/"/>
      <tstamp>5F2CD87A</tstamp>
    </comp>
    <comp ref="D11">
      <value>D_Small</value>
      <footprint>Diode_SMD:D_SOD-123</footprint>
      <datasheet>~</datasheet>
      <libsource lib="Device" part="D_Small" description="Diode, small symbol"/>
      <sheetpath names="/" tstamps="/"/>
      <tstamp>5F2CD880</tstamp>
    </comp>
    <comp ref="K_I1">
      <value>MX-NoLED</value>
      <footprint>MX_Alps_Hybrid:MX-1U-NoLED</footprint>
      <libsource lib="MX_Alps_Hybrid" part="MX-NoLED" description=""/>
      <sheetpath names="/" tstamps="/"/>
      <tstamp>5F2D01B2</tstamp>
    </comp>
    <comp ref="D12">
      <value>D_Small</value>
      <footprint>Diode_SMD:D_SOD-123</footprint>
      <datasheet>~</datasheet>
      <libsource lib="Device" part="D_Small" description="Diode, small symbol"/>
      <sheetpath names="/" tstamps="/"/>
      <tstamp>5F2D01B8</tstamp>
    </comp>
    <comp ref="K_O1">
      <value>MX-NoLED</value>
      <footprint>MX_Alps_Hybrid:MX-1U-NoLED</footprint>
      <libsource lib="MX_Alps_Hybrid" part="MX-NoLED" description=""/>
      <sheetpath names="/" tstamps="/"/>
      <tstamp>5F2D2DB4</tstamp>
    </comp>
    <comp ref="D13">
      <value>D_Small</value>
      <footprint>Diode_SMD:D_SOD-123</footprint>
      <datasheet>~</datasheet>
      <libsource lib="Device" part="D_Small" description="Diode, small symbol"/>
      <sheetpath names="/" tstamps="/"/>
      <tstamp>5F2D2DBA</tstamp>
    </comp>
    <comp ref="K_P1">
      <value>MX-NoLED</value>
      <footprint>MX_Alps_Hybrid:MX-1U-NoLED</footprint>
      <libsource lib="MX_Alps_Hybrid" part="MX-NoLED" description=""/>
      <sheetpath names="/" tstamps="/"/>
      <tstamp>5F2D620F</tstamp>
    </comp>
    <comp ref="D14">
      <value>D_Small</value>
      <footprint>Diode_SMD:D_SOD-123</footprint>
      <datasheet>~</datasheet>
      <libsource lib="Device" part="D_Small" description="Diode, small symbol"/>
      <sheetpath names="/" tstamps="/"/>
      <tstamp>5F2D6215</tstamp>
    </comp>
    <comp ref="K_TAB1">
      <value>MX-NoLED</value>
      <footprint>MX_Alps_Hybrid:MX-1U-NoLED</footprint>
      <libsource lib="MX_Alps_Hybrid" part="MX-NoLED" description=""/>
      <sheetpath names="/" tstamps="/"/>
      <tstamp>5F2DA273</tstamp>
    </comp>
    <comp ref="D15">
      <value>D_Small</value>
      <footprint>Diode_SMD:D_SOD-123</footprint>
      <datasheet>~</datasheet>
      <libsource lib="Device" part="D_Small" description="Diode, small symbol"/>
      <sheetpath names="/" tstamps="/"/>
      <tstamp>5F2DA279</tstamp>
    </comp>
    <comp ref="K_A1">
      <value>MX-NoLED</value>
      <footprint>MX_Alps_Hybrid:MX-1U-NoLED</footprint>
      <libsource lib="MX_Alps_Hybrid" part="MX-NoLED" description=""/>
      <sheetpath names="/" tstamps="/"/>
      <tstamp>5F2EA423</tstamp>
    </comp>
    <comp ref="D16">
      <value>D_Small</value>
      <footprint>Diode_SMD:D_SOD-123</footprint>
      <datasheet>~</datasheet>
      <libsource lib="Device" part="D_Small" description="Diode, small symbol"/>
      <sheetpath names="/" tstamps="/"/>
      <tstamp>5F2EA429</tstamp>
    </comp>
    <comp ref="K_D1">
      <value>MX-NoLED</value>
      <footprint>MX_Alps_Hybrid:MX-1U-NoLED</footprint>
      <libsource lib="MX_Alps_Hybrid" part="MX-NoLED" description=""/>
      <sheetpath names="/" tstamps="/"/>
      <tstamp>5F2EA42F</tstamp>
    </comp>
    <comp ref="D18">
      <value>D_Small</value>
      <footprint>Diode_SMD:D_SOD-123</footprint>
      <datasheet>~</datasheet>
      <libsource lib="Device" part="D_Small" description="Diode, small symbol"/>
      <sheetpath names="/" tstamps="/"/>
      <tstamp>5F2EA435</tstamp>
    </comp>
    <comp ref="K_F1">
      <value>MX-NoLED</value>
      <footprint>MX_Alps_Hybrid:MX-1U-NoLED</footprint>
      <libsource lib="MX_Alps_Hybrid" part="MX-NoLED" description=""/>
      <sheetpath names="/" tstamps="/"/>
      <tstamp>5F2EA43B</tstamp>
    </comp>
    <comp ref="D19">
      <value>D_Small</value>
      <footprint>Diode_SMD:D_SOD-123</footprint>
      <datasheet>~</datasheet>
      <libsource lib="Device" part="D_Small" description="Diode, small symbol"/>
      <sheetpath names="/" tstamps="/"/>
      <tstamp>5F2EA441</tstamp>
    </comp>
    <comp ref="K_G1">
      <value>MX-NoLED</value>
      <footprint>MX_Alps_Hybrid:MX-1U-NoLED</footprint>
      <libsource lib="MX_Alps_Hybrid" part="MX-NoLED" description=""/>
      <sheetpath names="/" tstamps="/"/>
      <tstamp>5F2EA447</tstamp>
    </comp>
    <comp ref="D20">
      <value>D_Small</value>
      <footprint>Diode_SMD:D_SOD-123</footprint>
      <datasheet>~</datasheet>
      <libsource lib="Device" part="D_Small" description="Diode, small symbol"/>
      <sheetpath names="/" tstamps="/"/>
      <tstamp>5F2EA44D</tstamp>
    </comp>
    <comp ref="K_H1">
      <value>MX-NoLED</value>
      <footprint>MX_Alps_Hybrid:MX-1U-NoLED</footprint>
      <libsource lib="MX_Alps_Hybrid" part="MX-NoLED" description=""/>
      <sheetpath names="/" tstamps="/"/>
      <tstamp>5F2EA453</tstamp>
    </comp>
    <comp ref="D21">
      <value>D_Small</value>
      <footprint>Diode_SMD:D_SOD-123</footprint>
      <datasheet>~</datasheet>
      <libsource lib="Device" part="D_Small" description="Diode, small symbol"/>
      <sheetpath names="/" tstamps="/"/>
      <tstamp>5F2EA459</tstamp>
    </comp>
    <comp ref="K_J1">
      <value>MX-NoLED</value>
      <footprint>MX_Alps_Hybrid:MX-1U-NoLED</footprint>
      <libsource lib="MX_Alps_Hybrid" part="MX-NoLED" description=""/>
      <sheetpath names="/" tstamps="/"/>
      <tstamp>5F2EA45F</tstamp>
    </comp>
    <comp ref="D22">
      <value>D_Small</value>
      <footprint>Diode_SMD:D_SOD-123</footprint>
      <datasheet>~</datasheet>
      <libsource lib="Device" part="D_Small" description="Diode, small symbol"/>
      <sheetpath names="/" tstamps="/"/>
      <tstamp>5F2EA465</tstamp>
    </comp>
    <comp ref="K_K1">
      <value>MX-NoLED</value>
      <footprint>MX_Alps_Hybrid:MX-1U-NoLED</footprint>
      <libsource lib="MX_Alps_Hybrid" part="MX-NoLED" description=""/>
      <sheetpath names="/" tstamps="/"/>
      <tstamp>5F2EA46B</tstamp>
    </comp>
    <comp ref="D23">
      <value>D_Small</value>
      <footprint>Diode_SMD:D_SOD-123</footprint>
      <datasheet>~</datasheet>
      <libsource lib="Device" part="D_Small" description="Diode, small symbol"/>
      <sheetpath names="/" tstamps="/"/>
      <tstamp>5F2EA471</tstamp>
    </comp>
    <comp ref="K_L1">
      <value>MX-NoLED</value>
      <footprint>MX_Alps_Hybrid:MX-1U-NoLED</footprint>
      <libsource lib="MX_Alps_Hybrid" part="MX-NoLED" description=""/>
      <sheetpath names="/" tstamps="/"/>
      <tstamp>5F2EA477</tstamp>
    </comp>
    <comp ref="D24">
      <value>D_Small</value>
      <footprint>Diode_SMD:D_SOD-123</footprint>
      <datasheet>~</datasheet>
      <libsource lib="Device" part="D_Small" description="Diode, small symbol"/>
      <sheetpath names="/" tstamps="/"/>
      <tstamp>5F2EA47D</tstamp>
    </comp>
    <comp ref="K_APO1">
      <value>MX-NoLED</value>
      <footprint>MX_Alps_Hybrid:MX-1U-NoLED</footprint>
      <libsource lib="MX_Alps_Hybrid" part="MX-NoLED" description=""/>
      <sheetpath names="/" tstamps="/"/>
      <tstamp>5F2EA483</tstamp>
    </comp>
    <comp ref="D25">
      <value>D_Small</value>
      <footprint>Diode_SMD:D_SOD-123</footprint>
      <datasheet>~</datasheet>
      <libsource lib="Device" part="D_Small" description="Diode, small symbol"/>
      <sheetpath names="/" tstamps="/"/>
      <tstamp>5F2EA489</tstamp>
    </comp>
    <comp ref="K_S1">
      <value>MX-NoLED</value>
      <footprint>MX_Alps_Hybrid:MX-1U-NoLED</footprint>
      <libsource lib="MX_Alps_Hybrid" part="MX-NoLED" description=""/>
      <sheetpath names="/" tstamps="/"/>
      <tstamp>5F2EA48F</tstamp>
    </comp>
    <comp ref="D17">
      <value>D_Small</value>
      <footprint>Diode_SMD:D_SOD-123</footprint>
      <datasheet>~</datasheet>
      <libsource lib="Device" part="D_Small" description="Diode, small symbol"/>
      <sheetpath names="/" tstamps="/"/>
      <tstamp>5F2EA495</tstamp>
    </comp>
    <comp ref="K_Z1">
      <value>MX-NoLED</value>
      <footprint>MX_Alps_Hybrid:MX-1U-NoLED</footprint>
      <libsource lib="MX_Alps_Hybrid" part="MX-NoLED" description=""/>
      <sheetpath names="/" tstamps="/"/>
      <tstamp>5F30FF71</tstamp>
    </comp>
    <comp ref="D27">
      <value>D_Small</value>
      <footprint>Diode_SMD:D_SOD-123</footprint>
      <datasheet>~</datasheet>
      <libsource lib="Device" part="D_Small" description="Diode, small symbol"/>
      <sheetpath names="/" tstamps="/"/>
      <tstamp>5F30FF77</tstamp>
    </comp>
    <comp ref="K_X1">
      <value>MX-NoLED</value>
      <footprint>MX_Alps_Hybrid:MX-1U-NoLED</footprint>
      <libsource lib="MX_Alps_Hybrid" part="MX-NoLED" description=""/>
      <sheetpath names="/" tstamps="/"/>
      <tstamp>5F30FF7D</tstamp>
    </comp>
    <comp ref="D28">
      <value>D_Small</value>
      <footprint>Diode_SMD:D_SOD-123</footprint>
      <datasheet>~</datasheet>
      <libsource lib="Device" part="D_Small" description="Diode, small symbol"/>
      <sheetpath names="/" tstamps="/"/>
      <tstamp>5F30FF83</tstamp>
    </comp>
    <comp ref="K_C1">
      <value>MX-NoLED</value>
      <footprint>MX_Alps_Hybrid:MX-1U-NoLED</footprint>
      <libsource lib="MX_Alps_Hybrid" part="MX-NoLED" description=""/>
      <sheetpath names="/" tstamps="/"/>
      <tstamp>5F30FF89</tstamp>
    </comp>
    <comp ref="D29">
      <value>D_Small</value>
      <footprint>Diode_SMD:D_SOD-123</footprint>
      <datasheet>~</datasheet>
      <libsource lib="Device" part="D_Small" description="Diode, small symbol"/>
      <sheetpath names="/" tstamps="/"/>
      <tstamp>5F30FF8F</tstamp>
    </comp>
    <comp ref="K_V1">
      <value>MX-NoLED</value>
      <footprint>MX_Alps_Hybrid:MX-1U-NoLED</footprint>
      <libsource lib="MX_Alps_Hybrid" part="MX-NoLED" description=""/>
      <sheetpath names="/" tstamps="/"/>
      <tstamp>5F30FF95</tstamp>
    </comp>
    <comp ref="D30">
      <value>D_Small</value>
      <footprint>Diode_SMD:D_SOD-123</footprint>
      <datasheet>~</datasheet>
      <libsource lib="Device" part="D_Small" description="Diode, small symbol"/>
      <sheetpath names="/" tstamps="/"/>
      <tstamp>5F30FF9B</tstamp>
    </comp>
    <comp ref="K_B1">
      <value>MX-NoLED</value>
      <footprint>MX_Alps_Hybrid:MX-1U-NoLED</footprint>
      <libsource lib="MX_Alps_Hybrid" part="MX-NoLED" description=""/>
      <sheetpath names="/" tstamps="/"/>
      <tstamp>5F30FFA1</tstamp>
    </comp>
    <comp ref="D31">
      <value>D_Small</value>
      <footprint>Diode_SMD:D_SOD-123</footprint>
      <datasheet>~</datasheet>
      <libsource lib="Device" part="D_Small" description="Diode, small symbol"/>
      <sheetpath names="/" tstamps="/"/>
      <tstamp>5F30FFA7</tstamp>
    </comp>
    <comp ref="K_N1">
      <value>MX-NoLED</value>
      <footprint>MX_Alps_Hybrid:MX-1U-NoLED</footprint>
      <libsource lib="MX_Alps_Hybrid" part="MX-NoLED" description=""/>
      <sheetpath names="/" tstamps="/"/>
      <tstamp>5F30FFAD</tstamp>
    </comp>
    <comp ref="D32">
      <value>D_Small</value>
      <footprint>Diode_SMD:D_SOD-123</footprint>
      <datasheet>~</datasheet>
      <libsource lib="Device" part="D_Small" description="Diode, small symbol"/>
      <sheetpath names="/" tstamps="/"/>
      <tstamp>5F30FFB3</tstamp>
    </comp>
    <comp ref="K_M1">
      <value>MX-NoLED</value>
      <footprint>MX_Alps_Hybrid:MX-1U-NoLED</footprint>
      <libsource lib="MX_Alps_Hybrid" part="MX-NoLED" description=""/>
      <sheetpath names="/" tstamps="/"/>
      <tstamp>5F30FFB9</tstamp>
    </comp>
    <comp ref="D33">
      <value>D_Small</value>
      <footprint>Diode_SMD:D_SOD-123</footprint>
      <datasheet>~</datasheet>
      <libsource lib="Device" part="D_Small" description="Diode, small symbol"/>
      <sheetpath names="/" tstamps="/"/>
      <tstamp>5F30FFBF</tstamp>
    </comp>
    <comp ref="K_SHIFT1">
      <value>MX-NoLED</value>
      <footprint>MX_Alps_Hybrid:MX-1.5U-NoLED</footprint>
      <libsource lib="MX_Alps_Hybrid" part="MX-NoLED" description=""/>
      <sheetpath names="/" tstamps="/"/>
      <tstamp>5F30FFC5</tstamp>
    </comp>
    <comp ref="D26">
      <value>D_Small</value>
      <footprint>Diode_SMD:D_SOD-123</footprint>
      <datasheet>~</datasheet>
      <libsource lib="Device" part="D_Small" description="Diode, small symbol"/>
      <sheetpath names="/" tstamps="/"/>
      <tstamp>5F30FFCB</tstamp>
    </comp>
    <comp ref="K_PERIOD1">
      <value>MX-NoLED</value>
      <footprint>MX_Alps_Hybrid:MX-1U-NoLED</footprint>
      <libsource lib="MX_Alps_Hybrid" part="MX-NoLED" description=""/>
      <sheetpath names="/" tstamps="/"/>
      <tstamp>5F30FFD1</tstamp>
    </comp>
    <comp ref="D34">
      <value>D_Small</value>
      <footprint>Diode_SMD:D_SOD-123</footprint>
      <datasheet>~</datasheet>
      <libsource lib="Device" part="D_Small" description="Diode, small symbol"/>
      <sheetpath names="/" tstamps="/"/>
      <tstamp>5F30FFD7</tstamp>
    </comp>
    <comp ref="K_SHIFT2">
      <value>MX-NoLED</value>
      <footprint>MX_Alps_Hybrid:MX-1.5U-NoLED</footprint>
      <libsource lib="MX_Alps_Hybrid" part="MX-NoLED" description=""/>
      <sheetpath names="/" tstamps="/"/>
      <tstamp>5F30FFDD</tstamp>
    </comp>
    <comp ref="D35">
      <value>D_Small</value>
      <footprint>Diode_SMD:D_SOD-123</footprint>
      <datasheet>~</datasheet>
      <libsource lib="Device" part="D_Small" description="Diode, small symbol"/>
      <sheetpath names="/" tstamps="/"/>
      <tstamp>5F30FFE3</tstamp>
    </comp>
    <comp ref="K_LCTRL1">
      <value>MX-NoLED</value>
      <footprint>MX_Alps_Hybrid:MX-1.75U-NoLED</footprint>
      <libsource lib="MX_Alps_Hybrid" part="MX-NoLED" description=""/>
      <sheetpath names="/" tstamps="/"/>
      <tstamp>5F31ECB5</tstamp>
    </comp>
    <comp ref="D36">
      <value>D_Small</value>
      <footprint>Diode_SMD:D_SOD-123</footprint>
      <datasheet>~</datasheet>
      <libsource lib="Device" part="D_Small" description="Diode, small symbol"/>
      <sheetpath names="/" tstamps="/"/>
      <tstamp>5F31ECBB</tstamp>
    </comp>
    <comp ref="K_SUPER1">
      <value>MX-NoLED</value>
      <footprint>MX_Alps_Hybrid:MX-1.25U-NoLED</footprint>
      <libsource lib="MX_Alps_Hybrid" part="MX-NoLED" description=""/>
      <sheetpath names="/" tstamps="/"/>
      <tstamp>5F31ECC1</tstamp>
    </comp>
    <comp ref="D37">
      <value>D_Small</value>
      <footprint>Diode_SMD:D_SOD-123</footprint>
      <datasheet>~</datasheet>
      <libsource lib="Device" part="D_Small" description="Diode, small symbol"/>
      <sheetpath names="/" tstamps="/"/>
      <tstamp>5F31ECC7</tstamp>
    </comp>
    <comp ref="K_SPBSPACE1">
      <value>MX-NoLED</value>
      <footprint>MX_Alps_Hybrid:MX-2.75U-ReversedStabilizers-NoLED</footprint>
      <libsource lib="MX_Alps_Hybrid" part="MX-NoLED" description=""/>
      <sheetpath names="/" tstamps="/"/>
      <tstamp>5F31ECCD</tstamp>
    </comp>
    <comp ref="D38">
      <value>D_Small</value>
      <footprint>Diode_SMD:D_SOD-123</footprint>
      <datasheet>~</datasheet>
      <libsource lib="Device" part="D_Small" description="Diode, small symbol"/>
      <sheetpath names="/" tstamps="/"/>
      <tstamp>5F31ECD3</tstamp>
    </comp>
    <comp ref="K_SPBDEL1">
      <value>MX-NoLED</value>
      <footprint>MX_Alps_Hybrid:MX-2.25U-ReversedStabilizers-NoLED</footprint>
      <libsource lib="MX_Alps_Hybrid" part="MX-NoLED" description=""/>
      <sheetpath names="/" tstamps="/"/>
      <tstamp>5F31ECD9</tstamp>
    </comp>
    <comp ref="D40">
      <value>D_Small</value>
      <footprint>Diode_SMD:D_SOD-123</footprint>
      <datasheet>~</datasheet>
      <libsource lib="Device" part="D_Small" description="Diode, small symbol"/>
      <sheetpath names="/" tstamps="/"/>
      <tstamp>5F31ECDF</tstamp>
    </comp>
    <comp ref="K_SPBALT1">
      <value>MX-NoLED</value>
      <footprint>MX_Alps_Hybrid:MX-1.25U-NoLED</footprint>
      <libsource lib="MX_Alps_Hybrid" part="MX-NoLED" description=""/>
      <sheetpath names="/" tstamps="/"/>
      <tstamp>5F31ECE5</tstamp>
    </comp>
    <comp ref="D41">
      <value>D_Small</value>
      <footprint>Diode_SMD:D_SOD-123</footprint>
      <datasheet>~</datasheet>
      <libsource lib="Device" part="D_Small" description="Diode, small symbol"/>
      <sheetpath names="/" tstamps="/"/>
      <tstamp>5F31ECEB</tstamp>
    </comp>
    <comp ref="K_META1">
      <value>MX-NoLED</value>
      <footprint>MX_Alps_Hybrid:MX-1.75U-NoLED</footprint>
      <libsource lib="MX_Alps_Hybrid" part="MX-NoLED" description=""/>
      <sheetpath names="/" tstamps="/"/>
      <tstamp>5F31ECF1</tstamp>
    </comp>
    <comp ref="D42">
      <value>D_Small</value>
      <footprint>Diode_SMD:D_SOD-123</footprint>
      <datasheet>~</datasheet>
      <libsource lib="Device" part="D_Small" description="Diode, small symbol"/>
      <sheetpath names="/" tstamps="/"/>
      <tstamp>5F31ECF7</tstamp>
    </comp>
    <comp ref="K_SPACEBARSIX1">
      <value>MX-NoLED</value>
      <footprint>MX_Alps_Hybrid:MX-6.25U-ReversedStabilizers-NoLED</footprint>
      <libsource lib="MX_Alps_Hybrid" part="MX-NoLED" description=""/>
      <sheetpath names="/" tstamps="/"/>
      <tstamp>5F331659</tstamp>
    </comp>
    <comp ref="D39">
      <value>D_Small</value>
      <footprint>Diode_SMD:D_SOD-123</footprint>
      <datasheet>~</datasheet>
      <libsource lib="Device" part="D_Small" description="Diode, small symbol"/>
      <sheetpath names="/" tstamps="/"/>
      <tstamp>5F33165F</tstamp>
    </comp>
    <comp ref="D3">
      <value>WS2812B</value>
      <footprint>LED_SMD:LED_WS2812B_PLCC4_5.0x5.0mm_P3.2mm</footprint>
      <datasheet>https://cdn-shop.adafruit.com/datasheets/WS2812B.pdf</datasheet>
      <libsource lib="LED" part="WS2812B" description="RGB LED with integrated controller"/>
      <sheetpath names="/" tstamps="/"/>
      <tstamp>5F52CC56</tstamp>
    </comp>
    <comp ref="C3">
      <value>104</value>
      <footprint>Capacitor_SMD:C_0805_2012Metric</footprint>
      <datasheet>~</datasheet>
      <libsource lib="Device" part="C_Small" description="Unpolarized capacitor, small symbol"/>
      <sheetpath names="/" tstamps="/"/>
      <tstamp>5F52CC62</tstamp>
    </comp>
    <comp ref="D2">
      <value>WS2812B</value>
      <footprint>LED_SMD:LED_WS2812B_PLCC4_5.0x5.0mm_P3.2mm</footprint>
      <datasheet>https://cdn-shop.adafruit.com/datasheets/WS2812B.pdf</datasheet>
      <libsource lib="LED" part="WS2812B" description="RGB LED with integrated controller"/>
      <sheetpath names="/" tstamps="/"/>
      <tstamp>5F5450C2</tstamp>
    </comp>
    <comp ref="C2">
      <value>104</value>
      <footprint>Capacitor_SMD:C_0805_2012Metric</footprint>
      <datasheet>~</datasheet>
      <libsource lib="Device" part="C_Small" description="Unpolarized capacitor, small symbol"/>
      <sheetpath names="/" tstamps="/"/>
      <tstamp>5F5450CE</tstamp>
    </comp>
    <comp ref="D1">
      <value>WS2812B</value>
      <footprint>LED_SMD:LED_WS2812B_PLCC4_5.0x5.0mm_P3.2mm</footprint>
      <datasheet>https://cdn-shop.adafruit.com/datasheets/WS2812B.pdf</datasheet>
      <libsource lib="LED" part="WS2812B" description="RGB LED with integrated controller"/>
      <sheetpath names="/" tstamps="/"/>
      <tstamp>5F54B968</tstamp>
    </comp>
    <comp ref="C1">
      <value>104</value>
      <footprint>Capacitor_SMD:C_0805_2012Metric</footprint>
      <datasheet>~</datasheet>
      <libsource lib="Device" part="C_Small" description="Unpolarized capacitor, small symbol"/>
      <sheetpath names="/" tstamps="/"/>
      <tstamp>5F54B974</tstamp>
    </comp>
    <comp ref="D4">
      <value>WS2812B</value>
      <footprint>LED_SMD:LED_WS2812B_PLCC4_5.0x5.0mm_P3.2mm</footprint>
      <datasheet>https://cdn-shop.adafruit.com/datasheets/WS2812B.pdf</datasheet>
      <libsource lib="LED" part="WS2812B" description="RGB LED with integrated controller"/>
      <sheetpath names="/" tstamps="/"/>
      <tstamp>5F5527F2</tstamp>
    </comp>
    <comp ref="C4">
      <value>104</value>
      <footprint>Capacitor_SMD:C_0805_2012Metric</footprint>
      <datasheet>~</datasheet>
      <libsource lib="Device" part="C_Small" description="Unpolarized capacitor, small symbol"/>
      <sheetpath names="/" tstamps="/"/>
      <tstamp>5F5527FE</tstamp>
    </comp>
    <comp ref="D43">
      <value>WS2812B</value>
      <footprint>LED_SMD:LED_WS2812B_PLCC4_5.0x5.0mm_P3.2mm</footprint>
      <datasheet>https://cdn-shop.adafruit.com/datasheets/WS2812B.pdf</datasheet>
      <libsource lib="LED" part="WS2812B" description="RGB LED with integrated controller"/>
      <sheetpath names="/" tstamps="/"/>
      <tstamp>5F5588C0</tstamp>
    </comp>
    <comp ref="C12">
      <value>104</value>
      <footprint>Capacitor_SMD:C_0805_2012Metric</footprint>
      <datasheet>~</datasheet>
      <libsource lib="Device" part="C_Small" description="Unpolarized capacitor, small symbol"/>
      <sheetpath names="/" tstamps="/"/>
      <tstamp>5F5588CC</tstamp>
    </comp>
    <comp ref="D44">
      <value>WS2812B</value>
      <footprint>LED_SMD:LED_WS2812B_PLCC4_5.0x5.0mm_P3.2mm</footprint>
      <datasheet>https://cdn-shop.adafruit.com/datasheets/WS2812B.pdf</datasheet>
      <libsource lib="LED" part="WS2812B" description="RGB LED with integrated controller"/>
      <sheetpath names="/" tstamps="/"/>
      <tstamp>5F55E83E</tstamp>
    </comp>
    <comp ref="C13">
      <value>104</value>
      <footprint>Capacitor_SMD:C_0805_2012Metric</footprint>
      <datasheet>~</datasheet>
      <libsource lib="Device" part="C_Small" description="Unpolarized capacitor, small symbol"/>
      <sheetpath names="/" tstamps="/"/>
      <tstamp>5F55E84A</tstamp>
    </comp>
    <comp ref="D45">
      <value>WS2812B</value>
      <footprint>LED_SMD:LED_WS2812B_PLCC4_5.0x5.0mm_P3.2mm</footprint>
      <datasheet>https://cdn-shop.adafruit.com/datasheets/WS2812B.pdf</datasheet>
      <libsource lib="LED" part="WS2812B" description="RGB LED with integrated controller"/>
      <sheetpath names="/" tstamps="/"/>
      <tstamp>5F5641E4</tstamp>
    </comp>
    <comp ref="C14">
      <value>104</value>
      <footprint>Capacitor_SMD:C_0805_2012Metric</footprint>
      <datasheet>~</datasheet>
      <libsource lib="Device" part="C_Small" description="Unpolarized capacitor, small symbol"/>
      <sheetpath names="/" tstamps="/"/>
      <tstamp>5F5641F0</tstamp>
    </comp>
    <comp ref="D46">
      <value>WS2812B</value>
      <footprint>LED_SMD:LED_WS2812B_PLCC4_5.0x5.0mm_P3.2mm</footprint>
      <datasheet>https://cdn-shop.adafruit.com/datasheets/WS2812B.pdf</datasheet>
      <libsource lib="LED" part="WS2812B" description="RGB LED with integrated controller"/>
      <sheetpath names="/" tstamps="/"/>
      <tstamp>5F59F892</tstamp>
    </comp>
    <comp ref="C15">
      <value>104</value>
      <footprint>Capacitor_SMD:C_0805_2012Metric</footprint>
      <datasheet>~</datasheet>
      <libsource lib="Device" part="C_Small" description="Unpolarized capacitor, small symbol"/>
      <sheetpath names="/" tstamps="/"/>
      <tstamp>5F59F89E</tstamp>
    </comp>
    <comp ref="D47">
      <value>WS2812B</value>
      <footprint>LED_SMD:LED_WS2812B_PLCC4_5.0x5.0mm_P3.2mm</footprint>
      <datasheet>https://cdn-shop.adafruit.com/datasheets/WS2812B.pdf</datasheet>
      <libsource lib="LED" part="WS2812B" description="RGB LED with integrated controller"/>
      <sheetpath names="/" tstamps="/"/>
      <tstamp>5F5A5C01</tstamp>
    </comp>
    <comp ref="C16">
      <value>104</value>
      <footprint>Capacitor_SMD:C_0805_2012Metric</footprint>
      <datasheet>~</datasheet>
      <libsource lib="Device" part="C_Small" description="Unpolarized capacitor, small symbol"/>
      <sheetpath names="/" tstamps="/"/>
      <tstamp>5F5A5C0D</tstamp>
    </comp>
    <comp ref="D48">
      <value>WS2812B</value>
      <footprint>LED_SMD:LED_WS2812B_PLCC4_5.0x5.0mm_P3.2mm</footprint>
      <datasheet>https://cdn-shop.adafruit.com/datasheets/WS2812B.pdf</datasheet>
      <libsource lib="LED" part="WS2812B" description="RGB LED with integrated controller"/>
      <sheetpath names="/" tstamps="/"/>
      <tstamp>5F5BAD0F</tstamp>
    </comp>
    <comp ref="C17">
      <value>104</value>
      <footprint>Capacitor_SMD:C_0805_2012Metric</footprint>
      <datasheet>~</datasheet>
      <libsource lib="Device" part="C_Small" description="Unpolarized capacitor, small symbol"/>
      <sheetpath names="/" tstamps="/"/>
      <tstamp>5F5BAD1B</tstamp>
    </comp>
    <comp ref="D49">
      <value>WS2812B</value>
      <footprint>LED_SMD:LED_WS2812B_PLCC4_5.0x5.0mm_P3.2mm</footprint>
      <datasheet>https://cdn-shop.adafruit.com/datasheets/WS2812B.pdf</datasheet>
      <libsource lib="LED" part="WS2812B" description="RGB LED with integrated controller"/>
      <sheetpath names="/" tstamps="/"/>
      <tstamp>5F5C09D4</tstamp>
    </comp>
    <comp ref="C18">
      <value>104</value>
      <footprint>Capacitor_SMD:C_0805_2012Metric</footprint>
      <datasheet>~</datasheet>
      <libsource lib="Device" part="C_Small" description="Unpolarized capacitor, small symbol"/>
      <sheetpath names="/" tstamps="/"/>
      <tstamp>5F5C09E0</tstamp>
    </comp>
    <comp ref="D50">
      <value>WS2812B</value>
      <footprint>LED_SMD:LED_WS2812B_PLCC4_5.0x5.0mm_P3.2mm</footprint>
      <datasheet>https://cdn-shop.adafruit.com/datasheets/WS2812B.pdf</datasheet>
      <libsource lib="LED" part="WS2812B" description="RGB LED with integrated controller"/>
      <sheetpath names="/" tstamps="/"/>
      <tstamp>5F5C6E7D</tstamp>
    </comp>
    <comp ref="C19">
      <value>104</value>
      <footprint>Capacitor_SMD:C_0805_2012Metric</footprint>
      <datasheet>~</datasheet>
      <libsource lib="Device" part="C_Small" description="Unpolarized capacitor, small symbol"/>
      <sheetpath names="/" tstamps="/"/>
      <tstamp>5F5C6E89</tstamp>
    </comp>
    <comp ref="D51">
      <value>WS2812B</value>
      <footprint>LED_SMD:LED_WS2812B_PLCC4_5.0x5.0mm_P3.2mm</footprint>
      <datasheet>https://cdn-shop.adafruit.com/datasheets/WS2812B.pdf</datasheet>
      <libsource lib="LED" part="WS2812B" description="RGB LED with integrated controller"/>
      <sheetpath names="/" tstamps="/"/>
      <tstamp>5F5CD924</tstamp>
    </comp>
    <comp ref="C20">
      <value>104</value>
      <footprint>Capacitor_SMD:C_0805_2012Metric</footprint>
      <datasheet>~</datasheet>
      <libsource lib="Device" part="C_Small" description="Unpolarized capacitor, small symbol"/>
      <sheetpath names="/" tstamps="/"/>
      <tstamp>5F5CD930</tstamp>
    </comp>
    <comp ref="D54">
      <value>WS2812B</value>
      <footprint>LED_SMD:LED_WS2812B_PLCC4_5.0x5.0mm_P3.2mm</footprint>
      <datasheet>https://cdn-shop.adafruit.com/datasheets/WS2812B.pdf</datasheet>
      <libsource lib="LED" part="WS2812B" description="RGB LED with integrated controller"/>
      <sheetpath names="/" tstamps="/"/>
      <tstamp>5F6453CE</tstamp>
    </comp>
    <comp ref="C23">
      <value>104</value>
      <footprint>Capacitor_SMD:C_0805_2012Metric</footprint>
      <datasheet>~</datasheet>
      <libsource lib="Device" part="C_Small" description="Unpolarized capacitor, small symbol"/>
      <sheetpath names="/" tstamps="/"/>
      <tstamp>5F6453DA</tstamp>
    </comp>
    <comp ref="D55">
      <value>WS2812B</value>
      <footprint>LED_SMD:LED_WS2812B_PLCC4_5.0x5.0mm_P3.2mm</footprint>
      <datasheet>https://cdn-shop.adafruit.com/datasheets/WS2812B.pdf</datasheet>
      <libsource lib="LED" part="WS2812B" description="RGB LED with integrated controller"/>
      <sheetpath names="/" tstamps="/"/>
      <tstamp>5F64C883</tstamp>
    </comp>
    <comp ref="C24">
      <value>104</value>
      <footprint>Capacitor_SMD:C_0805_2012Metric</footprint>
      <datasheet>~</datasheet>
      <libsource lib="Device" part="C_Small" description="Unpolarized capacitor, small symbol"/>
      <sheetpath names="/" tstamps="/"/>
      <tstamp>5F64C88F</tstamp>
    </comp>
    <comp ref="D53">
      <value>WS2812B</value>
      <footprint>LED_SMD:LED_WS2812B_PLCC4_5.0x5.0mm_P3.2mm</footprint>
      <datasheet>https://cdn-shop.adafruit.com/datasheets/WS2812B.pdf</datasheet>
      <libsource lib="LED" part="WS2812B" description="RGB LED with integrated controller"/>
      <sheetpath names="/" tstamps="/"/>
      <tstamp>5F6546EE</tstamp>
    </comp>
    <comp ref="C22">
      <value>104</value>
      <footprint>Capacitor_SMD:C_0805_2012Metric</footprint>
      <datasheet>~</datasheet>
      <libsource lib="Device" part="C_Small" description="Unpolarized capacitor, small symbol"/>
      <sheetpath names="/" tstamps="/"/>
      <tstamp>5F6546FA</tstamp>
    </comp>
    <comp ref="D56">
      <value>WS2812B</value>
      <footprint>LED_SMD:LED_WS2812B_PLCC4_5.0x5.0mm_P3.2mm</footprint>
      <datasheet>https://cdn-shop.adafruit.com/datasheets/WS2812B.pdf</datasheet>
      <libsource lib="LED" part="WS2812B" description="RGB LED with integrated controller"/>
      <sheetpath names="/" tstamps="/"/>
      <tstamp>5F65BE03</tstamp>
    </comp>
    <comp ref="C25">
      <value>104</value>
      <footprint>Capacitor_SMD:C_0805_2012Metric</footprint>
      <datasheet>~</datasheet>
      <libsource lib="Device" part="C_Small" description="Unpolarized capacitor, small symbol"/>
      <sheetpath names="/" tstamps="/"/>
      <tstamp>5F65BE0F</tstamp>
    </comp>
    <comp ref="D57">
      <value>WS2812B</value>
      <footprint>LED_SMD:LED_WS2812B_PLCC4_5.0x5.0mm_P3.2mm</footprint>
      <datasheet>https://cdn-shop.adafruit.com/datasheets/WS2812B.pdf</datasheet>
      <libsource lib="LED" part="WS2812B" description="RGB LED with integrated controller"/>
      <sheetpath names="/" tstamps="/"/>
      <tstamp>5F66352C</tstamp>
    </comp>
    <comp ref="C26">
      <value>104</value>
      <footprint>Capacitor_SMD:C_0805_2012Metric</footprint>
      <datasheet>~</datasheet>
      <libsource lib="Device" part="C_Small" description="Unpolarized capacitor, small symbol"/>
      <sheetpath names="/" tstamps="/"/>
      <tstamp>5F663538</tstamp>
    </comp>
    <comp ref="D52">
      <value>WS2812B</value>
      <footprint>LED_SMD:LED_WS2812B_PLCC4_5.0x5.0mm_P3.2mm</footprint>
      <datasheet>https://cdn-shop.adafruit.com/datasheets/WS2812B.pdf</datasheet>
      <libsource lib="LED" part="WS2812B" description="RGB LED with integrated controller"/>
      <sheetpath names="/" tstamps="/"/>
      <tstamp>5F66A9DB</tstamp>
    </comp>
    <comp ref="C21">
      <value>104</value>
      <footprint>Capacitor_SMD:C_0805_2012Metric</footprint>
      <datasheet>~</datasheet>
      <libsource lib="Device" part="C_Small" description="Unpolarized capacitor, small symbol"/>
      <sheetpath names="/" tstamps="/"/>
      <tstamp>5F66A9E7</tstamp>
    </comp>
    <comp ref="SW3">
      <value>Rotary_Encoder_Switch</value>
      <footprint>Rotary_Encoder:RotaryEncoder_Alps_EC12E-Switch_Vertical_H20mm</footprint>
      <datasheet>~</datasheet>
      <libsource lib="Device" part="Rotary_Encoder_Switch" description="Rotary encoder, dual channel, incremental quadrate outputs, with switch"/>
      <sheetpath names="/" tstamps="/"/>
      <tstamp>5F6B0194</tstamp>
    </comp>
    <comp ref="SW2">
      <value>Rotary_Encoder_Switch</value>
      <footprint>Rotary_Encoder:RotaryEncoder_Alps_EC12E-Switch_Vertical_H20mm</footprint>
      <datasheet>~</datasheet>
      <libsource lib="Device" part="Rotary_Encoder_Switch" description="Rotary encoder, dual channel, incremental quadrate outputs, with switch"/>
      <sheetpath names="/" tstamps="/"/>
      <tstamp>5F6B22D4</tstamp>
    </comp>
    <comp ref="D58">
      <value>D_Small</value>
      <footprint>Diode_SMD:D_SOD-123</footprint>
      <datasheet>~</datasheet>
      <libsource lib="Device" part="D_Small" description="Diode, small symbol"/>
      <sheetpath names="/" tstamps="/"/>
      <tstamp>5F7D678B</tstamp>
    </comp>
    <comp ref="D59">
      <value>D_Small</value>
      <footprint>Diode_SMD:D_SOD-123</footprint>
      <datasheet>~</datasheet>
      <libsource lib="Device" part="D_Small" description="Diode, small symbol"/>
      <sheetpath names="/" tstamps="/"/>
      <tstamp>5F7F6BDF</tstamp>
    </comp>
  </components>
  <libparts>
    <libpart lib="Device" part="C_Small">
      <description>Unpolarized capacitor, small symbol</description>
      <docs>~</docs>
      <footprints>
        <fp>C_*</fp>
      </footprints>
      <fields>
        <field name="Reference">C</field>
        <field name="Value">C_Small</field>
      </fields>
      <pins>
        <pin num="1" name="~" type="passive"/>
        <pin num="2" name="~" type="passive"/>
      </pins>
    </libpart>
    <libpart lib="Device" part="Crystal_GND24_Small">
      <description>Four pin crystal, GND on pins 2 and 4, small symbol</description>
      <docs>~</docs>
      <footprints>
        <fp>Crystal*</fp>
      </footprints>
      <fields>
        <field name="Reference">Y</field>
        <field name="Value">Crystal_GND24_Small</field>
      </fields>
      <pins>
        <pin num="1" name="1" type="passive"/>
        <pin num="2" name="2" type="passive"/>
        <pin num="3" name="3" type="passive"/>
        <pin num="4" name="4" type="passive"/>
      </pins>
    </libpart>
    <libpart lib="Device" part="D_Small">
      <description>Diode, small symbol</description>
      <docs>~</docs>
      <footprints>
        <fp>TO-???*</fp>
        <fp>*_Diode_*</fp>
        <fp>*SingleDiode*</fp>
        <fp>D_*</fp>
      </footprints>
      <fields>
        <field name="Reference">D</field>
        <field name="Value">D_Small</field>
      </fields>
      <pins>
        <pin num="1" name="K" type="passive"/>
        <pin num="2" name="A" type="passive"/>
      </pins>
    </libpart>
    <libpart lib="Device" part="Polyfuse_Small">
      <description>Resettable fuse, polymeric positive temperature coefficient, small symbol</description>
      <docs>~</docs>
      <footprints>
        <fp>*polyfuse*</fp>
        <fp>*PTC*</fp>
      </footprints>
      <fields>
        <field name="Reference">F</field>
        <field name="Value">Polyfuse_Small</field>
      </fields>
      <pins>
        <pin num="1" name="~" type="passive"/>
        <pin num="2" name="~" type="passive"/>
      </pins>
    </libpart>
    <libpart lib="Device" part="R_Small">
      <description>Resistor, small symbol</description>
      <docs>~</docs>
      <footprints>
        <fp>R_*</fp>
      </footprints>
      <fields>
        <field name="Reference">R</field>
        <field name="Value">R_Small</field>
      </fields>
      <pins>
        <pin num="1" name="~" type="passive"/>
        <pin num="2" name="~" type="passive"/>
      </pins>
    </libpart>
    <libpart lib="Device" part="R_Small_US">
      <description>Resistor, small US symbol</description>
      <docs>~</docs>
      <footprints>
        <fp>R_*</fp>
      </footprints>
      <fields>
        <field name="Reference">R</field>
        <field name="Value">R_Small_US</field>
      </fields>
      <pins>
        <pin num="1" name="~" type="passive"/>
        <pin num="2" name="~" type="passive"/>
      </pins>
    </libpart>
    <libpart lib="Device" part="Rotary_Encoder_Switch">
      <description>Rotary encoder, dual channel, incremental quadrate outputs, with switch</description>
      <docs>~</docs>
      <footprints>
        <fp>RotaryEncoder*Switch*</fp>
      </footprints>
      <fields>
        <field name="Reference">SW</field>
        <field name="Value">Rotary_Encoder_Switch</field>
      </fields>
      <pins>
        <pin num="A" name="A" type="passive"/>
        <pin num="B" name="B" type="passive"/>
        <pin num="C" name="C" type="passive"/>
        <pin num="S1" name="S1" type="passive"/>
        <pin num="S2" name="S2" type="passive"/>
      </pins>
    </libpart>
    <libpart lib="LED" part="WS2812B">
      <description>RGB LED with integrated controller</description>
      <docs>https://cdn-shop.adafruit.com/datasheets/WS2812B.pdf</docs>
      <footprints>
        <fp>LED*WS2812*PLCC*5.0x5.0mm*P3.2mm*</fp>
      </footprints>
      <fields>
        <field name="Reference">D</field>
        <field name="Value">WS2812B</field>
        <field name="Footprint">LED_SMD:LED_WS2812B_PLCC4_5.0x5.0mm_P3.2mm</field>
      </fields>
      <pins>
        <pin num="1" name="VDD" type="power_in"/>
        <pin num="2" name="DOUT" type="output"/>
        <pin num="3" name="VSS" type="power_in"/>
        <pin num="4" name="DIN" type="input"/>
      </pins>
    </libpart>
    <libpart lib="MCU_Microchip_ATmega" part="ATmega16U4-AU">
      <aliases>
        <alias>ATmega16U4RC-AU</alias>
        <alias>ATmega32U4-AU</alias>
        <alias>ATmega32U4RC-AU</alias>
      </aliases>
      <description>16MHz, 16kB Flash, 1.25kB SRAM, 512B EEPROM, USB 2.0, TQFP-44</description>
      <docs>http://ww1.microchip.com/downloads/en/DeviceDoc/Atmel-7766-8-bit-AVR-ATmega16U4-32U4_Datasheet.pdf</docs>
      <footprints>
        <fp>TQFP*10x10mm*P0.8mm*</fp>
      </footprints>
      <fields>
        <field name="Reference">U</field>
        <field name="Value">ATmega16U4-AU</field>
        <field name="Footprint">Package_QFP:TQFP-44_10x10mm_P0.8mm</field>
      </fields>
      <pins>
        <pin num="1" name="PE6" type="BiDi"/>
        <pin num="2" name="UVCC" type="power_in"/>
        <pin num="3" name="D-" type="BiDi"/>
        <pin num="4" name="D+" type="BiDi"/>
        <pin num="5" name="UGND" type="passive"/>
        <pin num="6" name="UCAP" type="passive"/>
        <pin num="7" name="VBUS" type="input"/>
        <pin num="8" name="PB0" type="BiDi"/>
        <pin num="9" name="PB1" type="BiDi"/>
        <pin num="10" name="PB2" type="BiDi"/>
        <pin num="11" name="PB3" type="BiDi"/>
        <pin num="12" name="PB7" type="BiDi"/>
        <pin num="13" name="~RESET" type="input"/>
        <pin num="14" name="VCC" type="power_in"/>
        <pin num="15" name="GND" type="power_in"/>
        <pin num="16" name="XTAL2" type="output"/>
        <pin num="17" name="XTAL1" type="input"/>
        <pin num="18" name="PD0" type="BiDi"/>
        <pin num="19" name="PD1" type="BiDi"/>
        <pin num="20" name="PD2" type="BiDi"/>
        <pin num="21" name="PD3" type="BiDi"/>
        <pin num="22" name="PD5" type="BiDi"/>
        <pin num="23" name="GND" type="passive"/>
        <pin num="24" name="AVCC" type="power_in"/>
        <pin num="25" name="PD4" type="BiDi"/>
        <pin num="26" name="PD6" type="BiDi"/>
        <pin num="27" name="PD7" type="BiDi"/>
        <pin num="28" name="PB4" type="BiDi"/>
        <pin num="29" name="PB5" type="BiDi"/>
        <pin num="30" name="PB6" type="BiDi"/>
        <pin num="31" name="PC6" type="BiDi"/>
        <pin num="32" name="PC7" type="BiDi"/>
        <pin num="33" name="~HWB~/PE2" type="BiDi"/>
        <pin num="34" name="VCC" type="passive"/>
        <pin num="35" name="GND" type="passive"/>
        <pin num="36" name="PF7" type="BiDi"/>
        <pin num="37" name="PF6" type="BiDi"/>
        <pin num="38" name="PF5" type="BiDi"/>
        <pin num="39" name="PF4" type="BiDi"/>
        <pin num="40" name="PF1" type="BiDi"/>
        <pin num="41" name="PF0" type="BiDi"/>
        <pin num="42" name="AREF" type="passive"/>
        <pin num="43" name="GND" type="passive"/>
        <pin num="44" name="AVCC" type="passive"/>
      </pins>
    </libpart>
    <libpart lib="MX_Alps_Hybrid" part="MX-NoLED">
      <fields>
        <field name="Reference">MX</field>
        <field name="Value">MX-NoLED</field>
      </fields>
      <pins>
        <pin num="1" name="COL" type="passive"/>
        <pin num="2" name="ROW" type="passive"/>
      </pins>
    </libpart>
    <libpart lib="Switch" part="SW_Push">
      <description>Push button switch, generic, two pins</description>
      <docs>~</docs>
      <fields>
        <field name="Reference">SW</field>
        <field name="Value">SW_Push</field>
      </fields>
      <pins>
        <pin num="1" name="1" type="passive"/>
        <pin num="2" name="2" type="passive"/>
      </pins>
    </libpart>
    <libpart lib="Type-C" part="HRO-TYPE-C-31-M-12">
      <fields>
        <field name="Reference">USB</field>
        <field name="Value">HRO-TYPE-C-31-M-12</field>
      </fields>
      <pins>
        <pin num="1" name="GND" type="input"/>
        <pin num="2" name="VBUS" type="input"/>
        <pin num="3" name="SBU2" type="input"/>
        <pin num="4" name="CC1" type="input"/>
        <pin num="5" name="DN2" type="input"/>
        <pin num="6" name="DP1" type="input"/>
        <pin num="7" name="DN1" type="input"/>
        <pin num="8" name="DP2" type="input"/>
        <pin num="9" name="SBU1" type="input"/>
        <pin num="10" name="CC2" type="input"/>
        <pin num="11" name="VBUS" type="input"/>
        <pin num="12" name="GND" type="input"/>
        <pin num="13" name="SHIELD" type="input"/>
      </pins>
    </libpart>
  </libparts>
  <libraries>
    <library logical="Device">
      <uri>C:\Program Files\KiCad\share\kicad\library/Device.lib</uri>
    </library>
    <library logical="LED">
      <uri>C:\Program Files\KiCad\share\kicad\library/LED.lib</uri>
    </library>
    <library logical="MCU_Microchip_ATmega">
      <uri>C:\Program Files\KiCad\share\kicad\library/MCU_Microchip_ATmega.lib</uri>
    </library>
    <library logical="MX_Alps_Hybrid">
      <uri>C:\Users\rober\Documents\GitHub\misonopad/Schematic_Library/MX_Alps_Hybrid.lib</uri>
    </library>
    <library logical="Switch">
      <uri>C:\Program Files\KiCad\share\kicad\library/Switch.lib</uri>
    </library>
    <library logical="Type-C">
      <uri>C:\Users\rober\Documents\GitHub\misonopad/Type-C.pretty-master/Type-C.lib</uri>
    </library>
  </libraries>
  <nets>
    <net code="1" name="Net-(D4-Pad2)">
      <node ref="D4" pin="2"/>
      <node ref="D43" pin="4"/>
    </net>
    <net code="2" name="Net-(D1-Pad4)">
      <node ref="D1" pin="4"/>
      <node ref="D54" pin="2"/>
    </net>
    <net code="3" name="+5V">
      <node ref="C8" pin="1"/>
      <node ref="R4" pin="2"/>
      <node ref="D54" pin="1"/>
      <node ref="C26" pin="2"/>
      <node ref="D52" pin="1"/>
      <node ref="D45" pin="1"/>
      <node ref="C5" pin="1"/>
      <node ref="U1" pin="7"/>
      <node ref="U1" pin="34"/>
      <node ref="U1" pin="44"/>
      <node ref="C6" pin="1"/>
      <node ref="U1" pin="24"/>
      <node ref="U1" pin="2"/>
      <node ref="U1" pin="14"/>
      <node ref="F1" pin="1"/>
      <node ref="C7" pin="1"/>
      <node ref="D55" pin="1"/>
      <node ref="C23" pin="2"/>
      <node ref="D48" pin="1"/>
      <node ref="C16" pin="2"/>
      <node ref="C17" pin="2"/>
      <node ref="D49" pin="1"/>
      <node ref="C18" pin="2"/>
      <node ref="D50" pin="1"/>
      <node ref="D47" pin="1"/>
      <node ref="C21" pin="2"/>
      <node ref="C20" pin="2"/>
      <node ref="C22" pin="2"/>
      <node ref="D56" pin="1"/>
      <node ref="C25" pin="2"/>
      <node ref="D57" pin="1"/>
      <node ref="D51" pin="1"/>
      <node ref="C19" pin="2"/>
      <node ref="D53" pin="1"/>
      <node ref="C24" pin="2"/>
      <node ref="C12" pin="2"/>
      <node ref="D4" pin="1"/>
      <node ref="C14" pin="2"/>
      <node ref="D1" pin="1"/>
      <node ref="C15" pin="2"/>
      <node ref="C3" pin="2"/>
      <node ref="C4" pin="2"/>
      <node ref="D3" pin="1"/>
      <node ref="C13" pin="2"/>
      <node ref="D46" pin="1"/>
      <node ref="C2" pin="2"/>
      <node ref="D43" pin="1"/>
      <node ref="C1" pin="2"/>
      <node ref="D2" pin="1"/>
      <node ref="D44" pin="1"/>
    </net>
    <net code="4" name="GND">
      <node ref="C3" pin="1"/>
      <node ref="C20" pin="1"/>
      <node ref="D56" pin="3"/>
      <node ref="C2" pin="1"/>
      <node ref="C22" pin="1"/>
      <node ref="D2" pin="3"/>
      <node ref="D51" pin="3"/>
      <node ref="C25" pin="1"/>
      <node ref="C17" pin="1"/>
      <node ref="C16" pin="1"/>
      <node ref="C18" pin="1"/>
      <node ref="D4" pin="3"/>
      <node ref="D49" pin="3"/>
      <node ref="D47" pin="3"/>
      <node ref="C19" pin="1"/>
      <node ref="C1" pin="1"/>
      <node ref="D50" pin="3"/>
      <node ref="D1" pin="3"/>
      <node ref="D3" pin="3"/>
      <node ref="C24" pin="1"/>
      <node ref="D54" pin="3"/>
      <node ref="SW3" pin="C"/>
      <node ref="D52" pin="3"/>
      <node ref="SW2" pin="C"/>
      <node ref="C23" pin="1"/>
      <node ref="D55" pin="3"/>
      <node ref="D53" pin="3"/>
      <node ref="C4" pin="1"/>
      <node ref="D48" pin="3"/>
      <node ref="U1" pin="23"/>
      <node ref="U1" pin="15"/>
      <node ref="C12" pin="1"/>
      <node ref="D43" pin="3"/>
      <node ref="C15" pin="1"/>
      <node ref="SW1" pin="1"/>
      <node ref="USB1" pin="13"/>
      <node ref="USB1" pin="12"/>
      <node ref="USB1" pin="1"/>
      <node ref="D46" pin="3"/>
      <node ref="R7" pin="1"/>
      <node ref="R6" pin="1"/>
      <node ref="C13" pin="1"/>
      <node ref="D44" pin="3"/>
      <node ref="U1" pin="5"/>
      <node ref="U1" pin="43"/>
      <node ref="U1" pin="35"/>
      <node ref="C6" pin="2"/>
      <node ref="C5" pin="2"/>
      <node ref="C11" pin="2"/>
      <node ref="R5" pin="1"/>
      <node ref="C10" pin="1"/>
      <node ref="C9" pin="1"/>
      <node ref="Y1" pin="4"/>
      <node ref="Y1" pin="2"/>
      <node ref="C14" pin="1"/>
      <node ref="C26" pin="1"/>
      <node ref="D45" pin="3"/>
      <node ref="D57" pin="3"/>
      <node ref="C21" pin="1"/>
      <node ref="C8" pin="2"/>
      <node ref="C7" pin="2"/>
    </net>
    <net code="5" name="Net-(D3-Pad2)">
      <node ref="D4" pin="4"/>
      <node ref="D3" pin="2"/>
    </net>
    <net code="6" name="Net-(D43-Pad2)">
      <node ref="D44" pin="4"/>
      <node ref="D43" pin="2"/>
    </net>
    <net code="7" name="Net-(D2-Pad2)">
      <node ref="D2" pin="2"/>
      <node ref="D3" pin="4"/>
    </net>
    <net code="8" name="Net-(D1-Pad2)">
      <node ref="D1" pin="2"/>
      <node ref="D2" pin="4"/>
    </net>
    <net code="9" name="Net-(D44-Pad2)">
      <node ref="D44" pin="2"/>
      <node ref="D45" pin="4"/>
    </net>
    <net code="10" name="Net-(D45-Pad2)">
      <node ref="D46" pin="4"/>
      <node ref="D45" pin="2"/>
    </net>
    <net code="11" name="col1">
      <node ref="K_Z1" pin="1"/>
      <node ref="U1" pin="25"/>
      <node ref="K_SUPER1" pin="1"/>
      <node ref="K_Q1" pin="1"/>
      <node ref="K_A1" pin="1"/>
    </net>
    <net code="12" name="col2">
      <node ref="U1" pin="26"/>
      <node ref="K_W1" pin="1"/>
      <node ref="K_X1" pin="1"/>
      <node ref="K_S1" pin="1"/>
    </net>
    <net code="13" name="col3">
      <node ref="U1" pin="27"/>
      <node ref="K_D1" pin="1"/>
      <node ref="K_E1" pin="1"/>
      <node ref="K_C1" pin="1"/>
      <node ref="K_SPBSPACE1" pin="1"/>
    </net>
    <net code="14" name="col8">
      <node ref="K_SPBALT1" pin="1"/>
      <node ref="K_PERIOD1" pin="1"/>
      <node ref="K_I1" pin="1"/>
      <node ref="U1" pin="32"/>
      <node ref="K_K1" pin="1"/>
    </net>
    <net code="15" name="col7">
      <node ref="K_J1" pin="1"/>
      <node ref="K_M1" pin="1"/>
      <node ref="U1" pin="31"/>
      <node ref="K_U1" pin="1"/>
    </net>
    <net code="16" name="col9">
      <node ref="K_L1" pin="1"/>
      <node ref="K_SHIFT2" pin="1"/>
      <node ref="K_O1" pin="1"/>
      <node ref="U1" pin="36"/>
      <node ref="K_META1" pin="1"/>
    </net>
    <net code="17" name="row3">
      <node ref="U1" pin="41"/>
      <node ref="D36" pin="1"/>
      <node ref="D37" pin="1"/>
      <node ref="D38" pin="1"/>
      <node ref="D39" pin="1"/>
      <node ref="D40" pin="1"/>
      <node ref="D42" pin="1"/>
      <node ref="D41" pin="1"/>
    </net>
    <net code="18" name="col4">
      <node ref="K_V1" pin="1"/>
      <node ref="K_F1" pin="1"/>
      <node ref="U1" pin="28"/>
      <node ref="K_R1" pin="1"/>
    </net>
    <net code="19" name="col6">
      <node ref="K_H1" pin="1"/>
      <node ref="K_Y1" pin="1"/>
      <node ref="U1" pin="30"/>
      <node ref="K_N1" pin="1"/>
      <node ref="K_SPBDEL1" pin="1"/>
    </net>
    <net code="20" name="Net-(D52-Pad4)">
      <node ref="R1" pin="1"/>
      <node ref="D52" pin="4"/>
    </net>
    <net code="21" name="Net-(D52-Pad2)">
      <node ref="D52" pin="2"/>
      <node ref="D53" pin="4"/>
    </net>
    <net code="22" name="Net-(D53-Pad2)">
      <node ref="D54" pin="4"/>
      <node ref="D53" pin="2"/>
    </net>
    <net code="23" name="Net-(D51-Pad2)">
      <node ref="D55" pin="4"/>
      <node ref="D51" pin="2"/>
    </net>
    <net code="24" name="Net-(D55-Pad2)">
      <node ref="D56" pin="4"/>
      <node ref="D55" pin="2"/>
    </net>
    <net code="25" name="Net-(D56-Pad2)">
      <node ref="D56" pin="2"/>
      <node ref="D57" pin="4"/>
    </net>
    <net code="26" name="Net-(D57-Pad2)">
      <node ref="D57" pin="2"/>
    </net>
    <net code="27" name="row2">
      <node ref="D59" pin="1"/>
      <node ref="D28" pin="1"/>
      <node ref="D29" pin="1"/>
      <node ref="D34" pin="1"/>
      <node ref="D35" pin="1"/>
      <node ref="D31" pin="1"/>
      <node ref="D26" pin="1"/>
      <node ref="D32" pin="1"/>
      <node ref="D33" pin="1"/>
      <node ref="U1" pin="22"/>
      <node ref="D27" pin="1"/>
      <node ref="D30" pin="1"/>
    </net>
    <net code="28" name="Net-(D59-Pad2)">
      <node ref="D59" pin="2"/>
      <node ref="SW2" pin="S2"/>
    </net>
    <net code="29" name="Encoder1D+">
      <node ref="U1" pin="9"/>
      <node ref="SW3" pin="A"/>
    </net>
    <net code="30" name="Encoder1D-">
      <node ref="SW3" pin="B"/>
      <node ref="U1" pin="10"/>
    </net>
    <net code="31" name="col0">
      <node ref="K_TAB1" pin="1"/>
      <node ref="SW3" pin="S1"/>
      <node ref="K_SHIFT1" pin="1"/>
      <node ref="U1" pin="11"/>
      <node ref="K_LCTRL1" pin="1"/>
    </net>
    <net code="32" name="Net-(D58-Pad2)">
      <node ref="D58" pin="2"/>
      <node ref="SW3" pin="S2"/>
    </net>
    <net code="33" name="Encoder2D+">
      <node ref="SW2" pin="A"/>
      <node ref="U1" pin="38"/>
    </net>
    <net code="34" name="Encoder2D-">
      <node ref="SW2" pin="B"/>
      <node ref="U1" pin="39"/>
    </net>
    <net code="35" name="Net-(D49-Pad2)">
      <node ref="D49" pin="2"/>
      <node ref="D50" pin="4"/>
    </net>
    <net code="36" name="Net-(D46-Pad2)">
      <node ref="D46" pin="2"/>
      <node ref="D47" pin="4"/>
    </net>
    <net code="37" name="Net-(D48-Pad2)">
      <node ref="D48" pin="2"/>
      <node ref="D49" pin="4"/>
    </net>
    <net code="38" name="Net-(D47-Pad2)">
      <node ref="D48" pin="4"/>
      <node ref="D47" pin="2"/>
    </net>
    <net code="39" name="Net-(D50-Pad2)">
      <node ref="D51" pin="4"/>
      <node ref="D50" pin="2"/>
    </net>
    <net code="40" name="Net-(C9-Pad2)">
      <node ref="U1" pin="17"/>
      <node ref="Y1" pin="1"/>
      <node ref="C9" pin="2"/>
    </net>
    <net code="41" name="Net-(C10-Pad2)">
      <node ref="U1" pin="16"/>
      <node ref="Y1" pin="3"/>
      <node ref="C10" pin="2"/>
    </net>
    <net code="42" name="D+">
      <node ref="USB1" pin="6"/>
      <node ref="USB1" pin="8"/>
      <node ref="R3" pin="2"/>
    </net>
    <net code="43" name="Net-(USB1-Pad3)">
      <node ref="USB1" pin="3"/>
    </net>
    <net code="44" name="Net-(R6-Pad2)">
      <node ref="USB1" pin="4"/>
      <node ref="R6" pin="2"/>
    </net>
    <net code="45" name="D-">
      <node ref="R2" pin="2"/>
      <node ref="USB1" pin="5"/>
      <node ref="USB1" pin="7"/>
    </net>
    <net code="46" name="Net-(USB1-Pad9)">
      <node ref="USB1" pin="9"/>
    </net>
    <net code="47" name="VCC">
      <node ref="USB1" pin="2"/>
      <node ref="USB1" pin="11"/>
      <node ref="F1" pin="2"/>
    </net>
    <net code="48" name="Net-(R4-Pad1)">
      <node ref="SW1" pin="2"/>
      <node ref="R4" pin="1"/>
      <node ref="U1" pin="13"/>
    </net>
    <net code="49" name="row0">
      <node ref="U1" pin="20"/>
      <node ref="D11" pin="1"/>
      <node ref="D10" pin="1"/>
      <node ref="D9" pin="1"/>
      <node ref="D14" pin="1"/>
      <node ref="D13" pin="1"/>
      <node ref="D58" pin="1"/>
      <node ref="D12" pin="1"/>
      <node ref="D8" pin="1"/>
      <node ref="D7" pin="1"/>
      <node ref="D5" pin="1"/>
      <node ref="D6" pin="1"/>
    </net>
    <net code="50" name="Net-(U1-Pad1)">
      <node ref="U1" pin="1"/>
    </net>
    <net code="51" name="Net-(U1-Pad12)">
      <node ref="U1" pin="12"/>
    </net>
    <net code="52" name="Net-(U1-Pad18)">
      <node ref="U1" pin="18"/>
    </net>
    <net code="53" name="2812b_data">
      <node ref="U1" pin="19"/>
      <node ref="R1" pin="2"/>
    </net>
    <net code="54" name="row1">
      <node ref="D24" pin="1"/>
      <node ref="D23" pin="1"/>
      <node ref="D16" pin="1"/>
      <node ref="D15" pin="1"/>
      <node ref="D22" pin="1"/>
      <node ref="D21" pin="1"/>
      <node ref="D20" pin="1"/>
      <node ref="D25" pin="1"/>
      <node ref="D18" pin="1"/>
      <node ref="D17" pin="1"/>
      <node ref="U1" pin="21"/>
      <node ref="D19" pin="1"/>
    </net>
    <net code="55" name="Net-(R2-Pad1)">
      <node ref="U1" pin="3"/>
      <node ref="R2" pin="1"/>
    </net>
    <net code="56" name="Net-(R5-Pad2)">
      <node ref="R5" pin="2"/>
      <node ref="U1" pin="33"/>
    </net>
    <net code="57" name="Net-(R3-Pad1)">
      <node ref="U1" pin="4"/>
      <node ref="R3" pin="1"/>
    </net>
    <net code="58" name="Net-(C11-Pad1)">
      <node ref="U1" pin="6"/>
      <node ref="C11" pin="1"/>
    </net>
    <net code="59" name="col10">
      <node ref="SW2" pin="S1"/>
      <node ref="U1" pin="37"/>
      <node ref="K_APO1" pin="1"/>
      <node ref="K_P1" pin="1"/>
    </net>
    <net code="60" name="Net-(U1-Pad40)">
      <node ref="U1" pin="40"/>
    </net>
    <net code="61" name="Net-(U1-Pad42)">
      <node ref="U1" pin="42"/>
    </net>
    <net code="62" name="Net-(U1-Pad8)">
      <node ref="U1" pin="8"/>
    </net>
    <net code="63" name="Net-(D26-Pad2)">
      <node ref="K_SHIFT1" pin="2"/>
      <node ref="D26" pin="2"/>
    </net>
    <net code="64" name="Net-(D31-Pad2)">
      <node ref="K_B1" pin="2"/>
      <node ref="D31" pin="2"/>
    </net>
    <net code="65" name="Net-(D32-Pad2)">
      <node ref="D32" pin="2"/>
      <node ref="K_N1" pin="2"/>
    </net>
    <net code="66" name="Net-(D33-Pad2)">
      <node ref="D33" pin="2"/>
      <node ref="K_M1" pin="2"/>
    </net>
    <net code="67" name="Net-(D34-Pad2)">
      <node ref="K_PERIOD1" pin="2"/>
      <node ref="D34" pin="2"/>
    </net>
    <net code="68" name="Net-(D35-Pad2)">
      <node ref="D35" pin="2"/>
      <node ref="K_SHIFT2" pin="2"/>
    </net>
    <net code="69" name="Net-(D36-Pad2)">
      <node ref="K_LCTRL1" pin="2"/>
      <node ref="D36" pin="2"/>
    </net>
    <net code="70" name="Net-(D27-Pad2)">
      <node ref="K_Z1" pin="2"/>
      <node ref="D27" pin="2"/>
    </net>
    <net code="71" name="Net-(D24-Pad2)">
      <node ref="D24" pin="2"/>
      <node ref="K_L1" pin="2"/>
    </net>
    <net code="72" name="Net-(D25-Pad2)">
      <node ref="D25" pin="2"/>
      <node ref="K_APO1" pin="2"/>
    </net>
    <net code="73" name="Net-(D17-Pad2)">
      <node ref="K_S1" pin="2"/>
      <node ref="D17" pin="2"/>
    </net>
    <net code="74" name="Net-(D28-Pad2)">
      <node ref="K_X1" pin="2"/>
      <node ref="D28" pin="2"/>
    </net>
    <net code="75" name="Net-(D29-Pad2)">
      <node ref="K_C1" pin="2"/>
      <node ref="D29" pin="2"/>
    </net>
    <net code="76" name="Net-(D30-Pad2)">
      <node ref="D30" pin="2"/>
      <node ref="K_V1" pin="2"/>
    </net>
    <net code="77" name="col5">
      <node ref="U1" pin="29"/>
      <node ref="K_G1" pin="1"/>
      <node ref="K_B1" pin="1"/>
      <node ref="K_T1" pin="1"/>
      <node ref="K_SPACEBARSIX1" pin="1"/>
    </net>
    <net code="78" name="Net-(D40-Pad2)">
      <node ref="K_SPBDEL1" pin="2"/>
      <node ref="D40" pin="2"/>
    </net>
    <net code="79" name="Net-(D37-Pad2)">
      <node ref="D37" pin="2"/>
      <node ref="K_SUPER1" pin="2"/>
    </net>
    <net code="80" name="Net-(D38-Pad2)">
      <node ref="K_SPBSPACE1" pin="2"/>
      <node ref="D38" pin="2"/>
    </net>
    <net code="81" name="Net-(D41-Pad2)">
      <node ref="K_SPBALT1" pin="2"/>
      <node ref="D41" pin="2"/>
    </net>
    <net code="82" name="Net-(D42-Pad2)">
      <node ref="K_META1" pin="2"/>
      <node ref="D42" pin="2"/>
    </net>
    <net code="83" name="Net-(D39-Pad2)">
      <node ref="K_SPACEBARSIX1" pin="2"/>
      <node ref="D39" pin="2"/>
    </net>
    <net code="84" name="Net-(D5-Pad2)">
      <node ref="K_Q1" pin="2"/>
      <node ref="D5" pin="2"/>
    </net>
    <net code="85" name="Net-(D6-Pad2)">
      <node ref="D6" pin="2"/>
      <node ref="K_W1" pin="2"/>
    </net>
    <net code="86" name="Net-(D7-Pad2)">
      <node ref="D7" pin="2"/>
      <node ref="K_E1" pin="2"/>
    </net>
    <net code="87" name="Net-(D8-Pad2)">
      <node ref="K_R1" pin="2"/>
      <node ref="D8" pin="2"/>
    </net>
    <net code="88" name="Net-(D9-Pad2)">
      <node ref="K_T1" pin="2"/>
      <node ref="D9" pin="2"/>
    </net>
    <net code="89" name="Net-(D10-Pad2)">
      <node ref="D10" pin="2"/>
      <node ref="K_Y1" pin="2"/>
    </net>
    <net code="90" name="Net-(R7-Pad2)">
      <node ref="USB1" pin="10"/>
      <node ref="R7" pin="2"/>
    </net>
    <net code="91" name="Net-(D21-Pad2)">
      <node ref="K_H1" pin="2"/>
      <node ref="D21" pin="2"/>
    </net>
    <net code="92" name="Net-(D18-Pad2)">
      <node ref="K_D1" pin="2"/>
      <node ref="D18" pin="2"/>
    </net>
    <net code="93" name="Net-(D19-Pad2)">
      <node ref="K_F1" pin="2"/>
      <node ref="D19" pin="2"/>
    </net>
    <net code="94" name="Net-(D20-Pad2)">
      <node ref="K_G1" pin="2"/>
      <node ref="D20" pin="2"/>
    </net>
    <net code="95" name="Net-(D22-Pad2)">
      <node ref="D22" pin="2"/>
      <node ref="K_J1" pin="2"/>
    </net>
    <net code="96" name="Net-(D23-Pad2)">
      <node ref="D23" pin="2"/>
      <node ref="K_K1" pin="2"/>
    </net>
    <net code="97" name="Net-(D11-Pad2)">
      <node ref="D11" pin="2"/>
      <node ref="K_U1" pin="2"/>
    </net>
    <net code="98" name="Net-(D12-Pad2)">
      <node ref="D12" pin="2"/>
      <node ref="K_I1" pin="2"/>
    </net>
    <net code="99" name="Net-(D13-Pad2)">
      <node ref="D13" pin="2"/>
      <node ref="K_O1" pin="2"/>
    </net>
    <net code="100" name="Net-(D14-Pad2)">
      <node ref="D14" pin="2"/>
      <node ref="K_P1" pin="2"/>
    </net>
    <net code="101" name="Net-(D15-Pad2)">
      <node ref="K_TAB1" pin="2"/>
      <node ref="D15" pin="2"/>
    </net>
    <net code="102" name="Net-(D16-Pad2)">
      <node ref="K_A1" pin="2"/>
      <node ref="D16" pin="2"/>
    </net>
  </nets>
</export>
